{"cameraMode":{"drawMode":0,"name":"Shaded","section":"Shading Mode"},"sceneLighting":true,"audioPlay":false,"sceneViewState":{"showFog":true,"showMaterialUpdate":false,"showSkybox":false,"showFlares":true,"showImageEffects":true,"showParticleSystems":true},"in2DMode":false,"pivot":{"x":582.5880126953125,"y":51.014862060546878,"z":-12.7979736328125},"rotation":{"x":-0.0167887844145298,"y":-0.048876456916332248,"z":0.0008216274436563253,"w":-0.9986643195152283},"size":1141.8037109375,"orthographic":false}