{"cameraMode":{"drawMode":0,"name":"Shaded","section":"Shading Mode"},"sceneLighting":true,"audioPlay":false,"sceneViewState":{"showFog":true,"showMaterialUpdate":false,"showSkybox":false,"showFlares":true,"showImageEffects":true,"showParticleSystems":true},"in2DMode":false,"pivot":{"x":287.3351745605469,"y":162.44923400878907,"z":26.78167724609375},"rotation":{"x":-0.07807158678770066,"y":0.06335966289043427,"z":-0.004971862304955721,"w":-0.9949212074279785},"size":866.1870727539063,"orthographic":false}